{"iteration": 1, "loss_d": 1.5026950577609652, "loss_g": 0.700531393076635, "_timestamp": 1689059206.911414, "_runtime": 673.8228328227997, "_step": 394}