{"epoch": 100, "loss_0": 3.6993229389190674, "_timestamp": 1689778622.9009466, "_runtime": 167.65666151046753, "_step": 109, "_wandb": {"runtime": 224}}