{"Graph_Edit_Distance": 133.05, "Oracle_Calls": 0.0, "Correctness": 0.5, "Sparsity": 2.394056578133646, "Fidelity": 0.5, "Oracle_Accuracy": 1.0, "_timestamp": 1690235226.853787, "_runtime": 23978.413979053497, "_step": 0, "_wandb": {"runtime": 23977}}