,explainer,runtime,runtime-std,Graph_Edit_Distance,Graph_Edit_Distance-std,Oracle_Calls,Oracle_Calls-std,Correctness,Correctness-std,Sparsity,Sparsity-std,Fidelity,Fidelity-std,Oracle_Accuracy,Oracle_Accuracy-std
0,dce_search,5.3824605990373176,2.8212770111293866,2539.3153846153846,851.1936325975167,521.0,0.0,0.9,0.30000000000000004,1.166964790723982,0.3911735443922411,0.24692307692307694,0.08252308265932407,0.6369230769230768,0.003076923076923066
1,bidirectional_oblivious_search,43.22204544411257,11.092598140814086,0.12000000000000002,0.11906688488796151,1973.5103846153847,24.04105866277974,0.014038461538461538,0.01228513557975726,5.5147058823529414e-05,5.4718237540423495e-05,0.0017307692307692308,0.0025,0.6378846153846154,0.002115384615384631
