,explainer,runtime,runtime-std,Graph_Edit_Distance,Graph_Edit_Distance-std,Oracle_Calls,Oracle_Calls-std,Correctness,Correctness-std,Sparsity,Sparsity-std,Fidelity,Fidelity-std,Oracle_Accuracy,Oracle_Accuracy-std
0,dce_search,8.07840404086113,3.1344805693749493,581.4909999999999,3.293281554923586,501.0,0.0,1.0,0.0,0.6412144977942515,0.003601481092291172,0.9208000000000001,0.007959899496852966,0.9603999999999999,0.003979949748426484
1,bidirectional_oblivious_search,10.098954447174071,3.0803224563448386,569.4924,0.5288446274663313,251.02039999999997,34.460637983647366,0.9886000000000001,0.01135077089893018,0.6281063021368192,0.0005705485893240293,0.9038,0.009937806599043884,0.9575999999999999,0.00542586398650022
