,explainer,runtime,runtime-std,Graph_Edit_Distance,Graph_Edit_Distance-std,Oracle_Calls,Oracle_Calls-std,Correctness,Correctness-std,Sparsity,Sparsity-std,Fidelity,Fidelity-std,Oracle_Accuracy,Oracle_Accuracy-std
0,bidirectional_data-driven_search,83.45529159036013,34.036327674830694,11.788118811881189,0.2933501464140373,362.0564356435643,14.55936877396019,1.0,0.0,0.015286354532465896,0.0003798251012665746,0.5445544554455445,1.1102230246251565e-16,0.7722772277227723,0.0
1,dce_search,0.09034232149029722,0.02167189902276558,1011.6930693069305,2.2737367544323206e-13,102.0,0.0,1.0,0.0,1.3111075926736582,2.220446049250313e-16,0.5445544554455445,1.1102230246251565e-16,0.7722772277227723,0.0
2,bidirectional_oblivious_search,3.2366859860939554,1.1337665173241283,9.889108910891087,0.1132181572983986,340.7346534653465,15.110328366089401,1.0,0.0,0.012825032411313936,0.000146952956852764,0.5445544554455445,1.1102230246251565e-16,0.7722772277227723,0.0
