,explainer,runtime,runtime-std,Graph_Edit_Distance,Graph_Edit_Distance-std,Oracle_Calls,Oracle_Calls-std,Correctness,Correctness-std,Sparsity,Sparsity-std,Fidelity,Fidelity-std,Oracle_Accuracy,Oracle_Accuracy-std
0,dce_search,108.86927733373575,10.622765993524617,28.49500303459438,0.03442118937150909,4944.0,0.0,0.9925146672061501,0.0002216154390067564,0.4743675871016074,0.0005443474163439305,0.5792029132106008,0.0,0.7896014566053005,0.0
1,maccs,33.102496180403165,2.145638439677249,8.49787578393688,0.08947447183981569,1184.4182682581427,0.09979891582272908,0.4553307707869715,0.003959263863479352,0.14867185363434507,0.0015524156453543142,0.4530042484321263,0.0022614911774197304,0.7896014566053005,0.0
2,bidirectional_oblivious_search,6.6647386991999396,0.39393785821529304,0.0,0.0,280.69087598624316,0.0,0.0,0.0,0.0,0.0,0.495650414727898,5.551115123125783e-17,0.7896014566053005,0.0
