{"iteration_cls=0": 5, "loss_d_cls=0_0": 1.503614773480565, "loss_g_cls=0_0": 0.7039847107816938, "_timestamp": 1689091464.8972838, "_runtime": 4456.452796697617, "_step": 2699, "iteration_cls=1": 5, "loss_d_cls=1_0": 1.388248808413563, "loss_g_cls=1_0": 0.695886266296216, "_wandb": {"runtime": 4467}}