{"loss": 53.81898498535156, "_timestamp": 1690128741.3291528, "_runtime": 545.8877499103546, "_step": 10, "Graph_Edit_Distance": {"_type": "histogram", "values": [513, 0, 0, 0, 0, 0, 0, 0, 0, 0, 0, 0, 0, 0, 0, 0, 489, 0, 0, 0, 0, 0, 0, 0, 0, 0, 0, 0, 0, 0, 0, 48], "bins": [2.4545454545454546, 2.460227272727273, 2.465909090909091, 2.471590909090909, 2.4772727272727275, 2.4829545454545454, 2.4886363636363638, 2.4943181818181817, 2.5, 2.5056818181818183, 2.5113636363636362, 2.5170454545454546, 2.5227272727272725, 2.528409090909091, 2.534090909090909, 2.539772727272727, 2.5454545454545454, 2.5511363636363638, 2.5568181818181817, 2.5625, 2.5681818181818183, 2.5738636363636362, 2.5795454545454546, 2.5852272727272725, 2.590909090909091, 2.596590909090909, 2.602272727272727, 2.6079545454545454, 2.6136363636363633, 2.6193181818181817, 2.625, 2.630681818181818, 2.6363636363636362]}, "Oracle_Calls": {"_type": "histogram", "values": [1048, 0, 0, 0, 0, 0, 0, 0, 0, 0, 0, 0, 0, 0, 0, 0, 0, 0, 0, 0, 0, 0, 0, 0, 0, 0, 0, 0, 0, 0, 0, 2], "bins": [0.0, 25.568181818181817, 51.13636363636363, 76.70454545454545, 102.27272727272727, 127.84090909090908, 153.4090909090909, 178.97727272727272, 204.54545454545453, 230.11363636363635, 255.68181818181816, 281.25, 306.8181818181818, 332.3863636363636, 357.95454545454544, 383.52272727272725, 409.09090909090907, 434.6590909090909, 460.2272727272727, 485.7954545454545, 511.3636363636363, 536.9318181818181, 562.5, 588.0681818181818, 613.6363636363636, 639.2045454545454, 664.7727272727273, 690.340909090909, 715.9090909090909, 741.4772727272726, 767.0454545454545, 792.6136363636363, 818.1818181818181]}, "Correctness": {"_type": "histogram", "values": [513, 0, 0, 0, 0, 0, 0, 0, 0, 0, 0, 0, 0, 0, 0, 0, 0, 0, 0, 0, 0, 0, 0, 0, 0, 0, 0, 0, 0, 0, 0, 537], "bins": [0.0, 0.002840909090909091, 0.005681818181818182, 0.008522727272727272, 0.011363636363636364, 0.014204545454545456, 0.017045454545454544, 0.019886363636363636, 0.022727272727272728, 0.02556818181818182, 0.02840909090909091, 0.03125, 0.03409090909090909, 0.036931818181818184, 0.03977272727272727, 0.04261363636363637, 0.045454545454545456, 0.048295454545454544, 0.05113636363636364, 0.05397727272727273, 0.05681818181818182, 0.05965909090909091, 0.0625, 0.06534090909090909, 0.06818181818181818, 0.07102272727272728, 0.07386363636363637, 0.07670454545454546, 0.07954545454545454, 0.08238636363636363, 0.08522727272727273, 0.08806818181818182, 0.09090909090909091]}, "Sparsity": {"_type": "histogram", "values": [513, 0, 0, 0, 0, 0, 0, 0, 0, 0, 0, 0, 0, 0, 0, 0, 489, 0, 0, 0, 0, 0, 0, 0, 0, 0, 0, 0, 0, 0, 0, 48], "bins": [0.04462809917355372, 0.04467884587501812, 0.04472959257648253, 0.04478033927794693, 0.044831085979411336, 0.04488183268087574, 0.044932579382340146, 0.04498332608380455, 0.045034072785268955, 0.04508481948673336, 0.045135566188197765, 0.04518631288966217, 0.045237059591126574, 0.04528780629259098, 0.045338552994055384, 0.04538929969551979, 0.04544004639698419, 0.045490793098448605, 0.04554153979991301, 0.045592286501377415, 0.04564303320284182, 0.045693779904306224, 0.04574452660577063, 0.045795273307235033, 0.04584602000869944, 0.04589676671016384, 0.04594751341162825, 0.04599826011309265, 0.04604900681455706, 0.04609975351602146, 0.04615050021748587, 0.04620124691895027, 0.046251993620414676]}, "Fidelity": {"_type": "histogram", "values": [513, 0, 0, 0, 0, 0, 0, 0, 0, 0, 0, 0, 0, 0, 0, 0, 0, 0, 0, 0, 0, 0, 0, 0, 0, 0, 0, 0, 0, 0, 0, 537], "bins": [0.0, 0.002840909090909091, 0.005681818181818182, 0.008522727272727272, 0.011363636363636364, 0.014204545454545456, 0.017045454545454544, 0.019886363636363636, 0.022727272727272728, 0.02556818181818182, 0.02840909090909091, 0.03125, 0.03409090909090909, 0.036931818181818184, 0.03977272727272727, 0.04261363636363637, 0.045454545454545456, 0.048295454545454544, 0.05113636363636364, 0.05397727272727273, 0.05681818181818182, 0.05965909090909091, 0.0625, 0.06534090909090909, 0.06818181818181818, 0.07102272727272728, 0.07386363636363637, 0.07670454545454546, 0.07954545454545454, 0.08238636363636363, 0.08522727272727273, 0.08806818181818182, 0.09090909090909091]}, "Oracle_Accuracy": {"_type": "histogram", "values": [0, 0, 0, 0, 0, 0, 0, 0, 0, 0, 0, 0, 0, 0, 0, 1050, 0, 0, 0, 0, 0, 0, 0, 0, 0, 0, 0, 0, 0, 0, 0, 0], "bins": [-0.40909090909090906, -0.37784090909090906, -0.34659090909090906, -0.31534090909090906, -0.28409090909090906, -0.25284090909090906, -0.22159090909090906, -0.19034090909090906, -0.15909090909090906, -0.12784090909090906, -0.09659090909090906, -0.06534090909090906, -0.03409090909090906, -0.0028409090909090606, 0.02840909090909094, 0.05965909090909094, 0.09090909090909094, 0.12215909090909094, 0.15340909090909094, 0.18465909090909094, 0.21590909090909094, 0.24715909090909094, 0.27840909090909094, 0.30965909090909094, 0.34090909090909094, 0.37215909090909094, 0.40340909090909094, 0.43465909090909094, 0.46590909090909094, 0.49715909090909094, 0.5284090909090909, 0.5596590909090909, 0.5909090909090909]}, "_wandb": {"runtime": 545}}