{"epoch": 10, "loss_0": 39.241119384765625, "_timestamp": 1689779690.9629073, "_runtime": 20.825582265853882, "_step": 9, "_wandb": {"runtime": 1134}}