{"Graph_Edit_Distance": 184.97, "Oracle_Calls": 450.0, "Correctness": 0.5, "Sparsity": 3.328442560947824, "Fidelity": 0.5, "Oracle_Accuracy": 1.0, "_timestamp": 1690182653.944552, "_runtime": 3441.262850046158, "_step": 0, "_wandb": {"runtime": 3440}}