{"loss": 31.22354507446289, "_timestamp": 1690142717.2606184, "_runtime": 25.086231470108032, "_step": 9}