{"iteration_cls=0": 9, "loss_d_cls=0_0": 1.1450294344032947, "loss_g_cls=0_0": 0.7569577765116345, "_timestamp": 1690299226.1846564, "_runtime": 4561.818424463272, "_step": 2124}