{"Graph_Edit_Distance": 27.58, "Oracle_Calls": 0.0, "Correctness": 0.5, "Sparsity": 0.4961562998405104, "Fidelity": 0.5, "Oracle_Accuracy": 1.0, "_timestamp": 1690128018.771387, "_runtime": 160.77919101715088, "_step": 0, "_wandb": {"runtime": 160}}