{"Graph_Edit_Distance": 27.58, "Oracle_Calls": 0.0, "Correctness": 0.5, "Sparsity": 0.4961562998405104, "Fidelity": 0.5, "Oracle_Accuracy": 1.0, "_timestamp": 1690129895.294698, "_runtime": 37.62934994697571, "_step": 0, "_wandb": {"runtime": 36}}