{"Graph_Edit_Distance": 162.65, "Oracle_Calls": 0.0, "Correctness": 0.5, "Sparsity": 2.9268726475279103, "Fidelity": 0.5, "Oracle_Accuracy": 1.0, "_timestamp": 1690211237.0929885, "_runtime": 2791.02543258667, "_step": 0, "_wandb": {"runtime": 2790}}