{"Graph_Edit_Distance": 27.58, "Oracle_Calls": 0.0, "Correctness": 0.5, "Sparsity": 0.49615629984051035, "Fidelity": 0.5, "Oracle_Accuracy": 1.0, "_timestamp": 1690295396.1537123, "_runtime": 865.3663892745972, "_step": 0, "_wandb": {"runtime": 864}}