{"loss": 18.053333282470703, "_timestamp": 1690287204.0703402, "_runtime": 233.43252205848694, "_step": 199}