{"Graph_Edit_Distance": 269.34, "Oracle_Calls": 90.0, "Correctness": 0.5, "Sparsity": 4.846438425609478, "Fidelity": 0.5, "Oracle_Accuracy": 1.0, "_timestamp": 1690179197.674715, "_runtime": 158.61225509643555, "_step": 0, "_wandb": {"runtime": 157}}