{"epoch": 10, "loss_0": 36.165409088134766, "_timestamp": 1689780841.460351, "_runtime": 21.03455901145935, "_step": 9, "_wandb": {"runtime": 1861}}