{
    "Graph_Edit_Distance": [
        0.0,
        973.0,
        2160.0,
        948.0,
        942.0,
        0.0,
        963.0,
        0.0,
        0.0,
        948.0
    ],
    "Correctness": [
        0,
        0,
        0,
        0,
        0,
        0,
        0,
        0,
        0,
        0
    ],
    "Sparsity": [
        0.0,
        0.3531760435571688,
        0.7840290381125227,
        0.3441016333938294,
        0.34192377495462795,
        0.0,
        0.34954627949183303,
        0.0,
        0.0,
        0.3441016333938294
    ],
    "FidelityNode": [
        0,
        0,
        0,
        0,
        0,
        0,
        0,
        0,
        0,
        0
    ],
    "Oracle_Accuracy_Node": [
        1,
        1,
        1,
        1,
        1,
        1,
        1,
        1,
        1,
        1
    ]
}