{"epoch": 10, "loss_0": 62.386138916015625, "_timestamp": 1689778426.3822138, "_runtime": 28.892006874084473, "_step": 9, "_wandb": {"runtime": 46}}