{"Graph_Edit_Distance": 27.58, "Oracle_Calls": 0.0, "Correctness": 0.5, "Sparsity": 0.4961562998405104, "Fidelity": 0.5, "Oracle_Accuracy": 1.0, "_timestamp": 1690130020.3832586, "_runtime": 115.31366157531738, "_step": 0, "_wandb": {"runtime": 114}}