{"iteration_cls=0": 7, "loss_d_cls=0": 2.8066455586338868, "loss_g_cls=0": 0.709681385308749, "_timestamp": 1689086500.0970762, "_runtime": 10076.178160190582, "_step": 6107, "iteration_cls=1": 9, "loss_d_cls=1": 2.257783140211177, "loss_g_cls=1": 0.7379697961168659}