{"epoch": 10, "loss_0": 48.827388763427734, "_timestamp": 1689778721.5076897, "_runtime": 20.848991632461548, "_step": 9, "_wandb": {"runtime": 295}}