{"Graph_Edit_Distance": 232.88, "Oracle_Calls": 450.0, "Correctness": 0.5, "Sparsity": 4.189938767372977, "Fidelity": 0.5, "Oracle_Accuracy": 1.0, "_timestamp": 1690208434.73238, "_runtime": 232.99368500709534, "_step": 0, "_wandb": {"runtime": 232}}