{"Graph_Edit_Distance": 27.58, "Oracle_Calls": 0.0, "Correctness": 0.5, "Sparsity": 0.4961562998405103, "Fidelity": 0.5, "Oracle_Accuracy": 1.0, "_timestamp": 1690297018.190045, "_runtime": 1607.1894521713257, "_step": 0, "_wandb": {"runtime": 1606}}