{"iteration_cls=0": 46, "loss_d_cls=0": 1.4393832196109713, "loss_g_cls=0": 0.7116177851379265, "_timestamp": 1689076411.8590918, "_runtime": 16881.949766874313, "_step": 10282, "_wandb": {"runtime": 16882}}