,explainer,runtime,runtime-std,Graph_Edit_Distance,Graph_Edit_Distance-std,Oracle_Calls,Oracle_Calls-std,Correctness,Correctness-std,Sparsity,Sparsity-std,Fidelity,Fidelity-std,Oracle_Accuracy,Oracle_Accuracy-std
0,bidirectional_data-driven_search,364.6402886238236,217.64214819356195,327.43125000000003,404.66109518590287,1183.039903846154,471.4348432479383,0.9913461538461539,0.011005310713711159,0.1461856617647059,0.18081186065923782,0.11346153846153847,0.13874170373405967,0.5591346153846154,0.06630259160731318
1,dce_search,6.32924629514034,3.64886313443764,2642.7038461538464,52.94988352848831,521.0,0.0,1.0,0.0,1.2144778704751134,0.02433358618037146,0.2330769230769231,0.02899704126918578,0.6165384615384615,0.014498520634592888
2,bidirectional_oblivious_search,20.084905195190352,7.884055108807957,103.88807692307694,117.33096085369824,867.2959615384616,426.6765858531186,0.6511538461538462,0.245311358729867,0.04774268240950226,0.05392047833350103,0.11961538461538461,0.07607124502416551,0.615,0.026139702057763378
