,explainer,runtime,runtime-std,Graph_Edit_Distance,Graph_Edit_Distance-std,Oracle_Calls,Oracle_Calls-std,Correctness,Correctness-std,Sparsity,Sparsity-std,Fidelity,Fidelity-std,Oracle_Accuracy,Oracle_Accuracy-std
0,bidirectional_data-driven_search,4751.295363997233,407.41266841042176,123.57425742574257,0.0,2229.5742574257424,0.0,0.0,0.0,0.008531381117669318,1.734723475976807e-18,0.0,0.0,0.514851485148515,1.1102230246251565e-16
1,dce_search,0.4983286210806062,0.1537758990404334,0.0,0.0,102.0,0.0,0.0,0.0,0.0,0.0,0.0,0.0,0.514851485148515,1.1102230246251565e-16
2,bidirectional_oblivious_search,22.525183197767426,10.107830358982971,28.319801980198015,58.041599164776194,2011.6990099009902,21.625145569223587,0.025742574257425745,0.04874666782214324,0.03187309726015704,0.0653715129811507,0.00396039603960396,0.012679453935510591,0.514851485148515,1.1102230246251565e-16
