,explainer,runtime,runtime-std,Graph_Edit_Distance,Graph_Edit_Distance-std,Oracle_Calls,Oracle_Calls-std,Correctness,Correctness-std,Sparsity,Sparsity-std,Fidelity,Fidelity-std,Oracle_Accuracy,Oracle_Accuracy-std
0,dce_search,37.512776251035675,5.212699745347403,27.91510544384502,0.12304922484360917,2040.0,0.0,0.9960765080922019,1.1102230246251565e-16,0.5883025146643028,0.003226778875856398,0.7224129475232958,0.0,0.8612064737616478,0.0
1,maccs,31.34581111569566,0.9720539349046963,11.23477194703286,0.08333987984609029,1221.3341343795978,0.22167393457722767,0.4018146150073566,0.0036835012713340508,0.18898523697881492,0.0013880004428612747,0.2345267287886219,0.004472393571428347,0.8612064737616478,0.0
2,bidirectional_oblivious_search,6.066292808955064,0.39869088325167285,0.0,0.0,314.6056890632663,0.0,0.0,0.0,0.0,0.0,0.6145169200588524,0.0,0.8612064737616478,0.0
