,explainer,runtime,runtime-std,Graph_Edit_Distance,Graph_Edit_Distance-std,Oracle_Calls,Oracle_Calls-std,Correctness,Correctness-std,Sparsity,Sparsity-std,Fidelity,Fidelity-std,Oracle_Accuracy,Oracle_Accuracy-std
0,dce_search,4.6735760108947755,0.5293461935701719,572.7787999999998,1.273453634805762,501.0,0.0,1.0,0.0,0.6569927387002995,0.0012433386475733852,0.9184000000000001,0.00932952303175246,0.9591999999999998,0.004664761515876244
1,bidirectional_oblivious_search,8.141845551776887,2.1150603850607,565.491,0.5392366827284565,371.7904,70.28539612636469,0.9224,0.02537400244344591,0.6492614108292105,0.0006197641178765764,0.8455999999999999,0.018607525359380827,0.9616,0.004715930449020642
