,explainer,runtime,runtime-std,Graph_Edit_Distance,Graph_Edit_Distance-std,Oracle_Calls,Oracle_Calls-std,Correctness,Correctness-std,Sparsity,Sparsity-std,Fidelity,Fidelity-std,Oracle_Accuracy,Oracle_Accuracy-std
0,bidirectional_data-driven_search,794.3732022028763,554.1141219294333,586.106,5.622406365012518,816.3269999999999,33.19642809600658,0.992,0.007571877794400371,0.642940016460094,0.0036440782251600874,0.8526666666666668,0.007717224601860157,0.9303333333333335,0.0013743685418725548
1,dce_search,7.469223095035554,2.61032322305684,571.8896000000001,2.3137254461149968,501.0,0.0,1.0,0.0,0.6307584510163109,0.0025105067752964915,0.8644000000000001,0.018369540005128072,0.9322000000000001,0.009184770002563987
2,bidirectional_oblivious_search,7.073568610477449,2.6688823842020706,570.0472000000001,0.2971332361079742,158.23279999999997,6.778105174752015,0.9996,0.0012000000000000012,0.6287143909632341,0.0003219235783707146,0.8656,0.015512575543732266,0.9329999999999998,0.008160882305241226
