{"loss": 803.5554809570312, "_timestamp": 1690267229.1386175, "_runtime": 15405.48483657837, "_step": 100, "Graph_Edit_Distance": 27.58, "Oracle_Calls": 0.23076923076923078, "Correctness": 0.5, "Sparsity": 0.49615629984051085, "Fidelity": 0.5, "Oracle_Accuracy": 1.0, "_wandb": {"runtime": 15404}}