{"epoch": 10, "loss_0": 43.43750762939453, "_timestamp": 1689779031.0581741, "_runtime": 20.82885503768921, "_step": 9, "_wandb": {"runtime": 644}}