{"loss": 18.017778396606445, "_timestamp": 1690209439.4396996, "_runtime": 820.8206367492676, "_step": 50, "Graph_Edit_Distance": 27.58, "Oracle_Calls": 7.5, "Correctness": 0.5, "Sparsity": 0.49615629984051035, "Fidelity": 0.5, "Oracle_Accuracy": 1.0, "_wandb": {"runtime": 820}}