,explainer,runtime,Graph_Edit_Distance,Oracle_Calls,Correctness,Sparsity,Fidelity,Oracle_Accuracy
0,bidirectional_data-driven_search,364.64028862382355,327.43125000000003,1183.039903846154,0.9913461538461539,0.1461856617647059,0.11346153846153846,0.5591346153846154
1,bidirectional_oblivious_search,20.084905195190352,103.88807692307694,867.2959615384616,0.6511538461538462,0.04774268240950226,0.11961538461538461,0.615
2,dce_search,6.329246295140339,2642.703846153846,521.0,1.0,1.214477870475113,0.23307692307692304,0.6165384615384616
