,explainer,runtime,Graph_Edit_Distance,Oracle_Calls,Correctness,Sparsity,Fidelity,Oracle_Accuracy
0,bidirectional_oblivious_search,43.22204544411257,0.12,1973.5103846153845,0.014038461538461538,5.5147058823529414e-05,0.0017307692307692308,0.6378846153846153
1,dce_search,5.3824605990373176,2539.3153846153846,521.0,0.9,1.166964790723982,0.24692307692307688,0.6369230769230768
