,explainer,runtime,Graph_Edit_Distance,Oracle_Calls,Correctness,Sparsity,Fidelity,Oracle_Accuracy
0,bidirectional_data-driven_search,83.45529159036013,11.788118811881187,362.0564356435643,1.0,0.015286354532465896,0.5445544554455445,0.7722772277227723
1,bidirectional_oblivious_search,3.2366859860939554,9.88910891089109,340.7346534653465,1.0,0.012825032411313936,0.5445544554455445,0.7722772277227723
2,dce_search,0.09034232149029722,1011.6930693069305,102.0,1.0,1.3111075926736582,0.5445544554455445,0.7722772277227723
