,explainer,runtime,Graph_Edit_Distance,Oracle_Calls,Correctness,Sparsity,Fidelity,Oracle_Accuracy
0,dce_search,0.059996390106654404,1011.6930693069307,102.0,1.0,1.3111075926736584,0.5445544554455446,0.7722772277227723
1,dummy_explainer,0.0013289947320919225,1077.3564356435643,2.5346534653465347,1.0,1.3962273707876602,0.5445544554455446,0.7722772277227723
