,explainer,runtime,Graph_Edit_Distance,Oracle_Calls,Correctness,Sparsity,Fidelity,Oracle_Accuracy
0,dce_search,0.06119532868413642,1011.6930693069307,102.0,1.0,1.3111075926736584,0.5445544554455446,0.7722772277227723
