,explainer,runtime,Graph_Edit_Distance,Oracle_Calls,Correctness,Sparsity,Fidelity,Oracle_Accuracy
0,bidirectional_oblivious_search,22.525183197767426,28.31980198019802,2011.6990099009902,0.025742574257425745,0.03187309726015704,0.0039603960396039604,0.514851485148515
1,dce_search,0.4983286210806062,0.0,102.0,0.0,0.0,0.0,0.514851485148515
