,name,instance_number,nodes_mean,nodes_std,edges_mean,edges_std,inst_class_0,inst_class_1
0,adhd_dataset,520,190.0,0.0,1796.0,0.0,330,190
1,autism_dataset,101,116.0,0.0,655.6237623762377,7.2941743812395226,52,49
2,tree-cycles_instances-500_nodes_per_inst-300_nodes_in_cycles-200,500,300.0,0.0,306.956,12.484312716365286,247,253
3,tree-infinity_instances-500_nodes_per_inst-300_n_infinities-10_n_broken_infinities-10,500,300.0,0.0,310.146,7.735158951178701,250,250
4,bbbp,2039,24.064737616478666,10.58845954538244,25.95438940657185,11.712778914684263,479,1560
5,hiv,4943,27.967226380740442,15.480337326864884,30.10135545215456,16.66533543018868,3500,1443
