,explainer,runtime,Graph_Edit_Distance,Oracle_Calls,Correctness,Sparsity,Fidelity,Oracle_Accuracy
0,bidirectional_oblivious_search,7.463661781835555,565.7408000000001,314.39060000000006,0.9400000000000001,0.6495441904993644,0.8592000000000001,0.9596
1,dce_search,5.962968982458115,574.0337999999999,501.0,1.0,0.6583025974993323,0.924,0.962
