,explainer,runtime,Graph_Edit_Distance,Oracle_Calls,Correctness,Sparsity,Fidelity,Oracle_Accuracy
0,bidirectional_oblivious_search,8.141845551776887,565.4909999999999,371.7904,0.9224,0.6492614108292105,0.8455999999999999,0.9616
1,dce_search,4.6735760108947755,572.7787999999998,501.0,1.0,0.6569927387002995,0.9184000000000001,0.9591999999999998
