,explainer,runtime,Graph_Edit_Distance,Oracle_Calls,Correctness,Sparsity,Fidelity,Oracle_Accuracy
0,bidirectional_oblivious_search,7.073568610477446,570.0472000000001,158.2328,0.9996,0.6287143909632341,0.8656,0.933
1,bidirectional_data-driven_search,302.9246456851959,581.2013333333333,812.3413333333333,0.9986666666666667,0.6398123512913241,0.86,0.9306666666666668
2,dce_search,7.469223095035554,571.8896,501.0,1.0,0.6307584510163109,0.8644000000000001,0.9322000000000001
