,explainer,runtime,Graph_Edit_Distance,Oracle_Calls,Correctness,Sparsity,Fidelity,Oracle_Accuracy
0,dce_search,8.078404040861129,581.4909999999999,501.0,1.0,0.6412144977942515,0.9208000000000001,0.9603999999999999
1,bidirectional_oblivious_search,10.098954447174071,569.4924,251.02039999999994,0.9885999999999999,0.6281063021368192,0.9038,0.9576
